cenario,hora,fator_carga,vento_m_s,v_min_pu,v_max_pu,trafo_carreg_pct,perdas_MW,i_ka,carregamento_pct,theta_ambiente_C,delta_theta_K,theta_hotspot_C,theta_so_carga_C,theta_so_ambiente_C,theta_medida_C,residuo_C,alerta_degradacao,causa_dominante,alarme_temperatura
DIA TIPICO (curva_carga),0,0.62,1.2,0.94456064084892,1.02,38.30983252249801,0.2509720312848014,0.0400691886536599,6.678198108943318,24.5,0.8557920226970824,25.35579202269708,40.85579202269708,89.5,,,False,NORMAL,False
DIA TIPICO (curva_carga),1,0.58,1.1,0.9499222068987586,1.02,35.727277612880975,0.2200204192166635,0.037368031443326094,6.228005240554349,24.2,0.7653704798417033,24.965370479841702,40.76537047984171,89.2,,,False,NORMAL,False
DIA TIPICO (curva_carga),2,0.55,1.0,0.9538980750619993,1.02,33.80255783627174,0.19848430513176796,0.03535492005793431,5.8924866763223855,24.0,0.7004725668844803,24.700472566884482,40.70047256688448,89.0,,,False,NORMAL,False
DIA TIPICO (curva_carga),3,0.54,1.0,0.9552149379128886,1.02,33.163254795419064,0.19161790469571827,0.0346862574064468,5.781042901074467,23.8,0.6793964359873617,24.47939643598736,40.679396435987364,88.8,,,False,NORMAL,False
DIA TIPICO (curva_carga),4,0.55,1.1,0.9538980750619993,1.02,33.80255783627174,0.19848430513176796,0.03535492005793431,5.8924866763223855,23.7,0.7004725668844803,24.40047256688448,40.70047256688448,88.7,,,False,NORMAL,False
DIA TIPICO (curva_carga),5,0.6,1.2,0.9472501836059087,1.02,37.01619814206082,0.23517205519185325,0.038716144881508194,6.4526908135847,23.9,0.8100255659239041,24.710025565923903,40.8100255659239,88.9,,,False,NORMAL,False
DIA TIPICO (curva_carga),6,0.68,1.4,0.9363836159753002,1.02,42.21987050753978,0.3023788583555449,0.04415879283144904,7.359798805241506,24.5,0.9997671532241619,25.499767153224163,40.99976715322416,89.5,,,False,NORMAL,False
DIA TIPICO (curva_carga),7,0.78,1.7,0.9223725922899388,1.02,48.83924101331005,0.4021735590210236,0.05108215414911278,8.513692358185464,25.8,1.2621241631516666,27.06212416315167,41.26212416315167,90.8,,,False,NORMAL,False
DIA TIPICO (curva_carga),8,0.85,2.0,0.912257768247714,1.02,53.55495197611933,0.48333155601201216,0.0560144310504533,9.335738508408884,27.5,1.4626864648587166,28.962686464858717,41.46268646485872,92.5,,,False,NORMAL,False
DIA TIPICO (curva_carga),9,0.88,2.3,0.9078399228887133,1.02,55.59809703629415,0.5211592959257025,0.0581514063230713,9.691901053845218,29.2,1.5529866105648311,30.75298661056483,41.55298661056483,94.2,,,False,NORMAL,False
DIA TIPICO (curva_carga),10,0.9,2.6,0.9048658371365286,1.02,56.967881065616865,0.5474363957567334,0.05958409686303719,9.930682810506198,30.8,1.6146557131613084,32.41465571316131,41.614655713161305,95.8,,,False,NORMAL,False
DIA TIPICO (curva_carga),11,0.92,2.8,0.9018680631777029,1.02,58.34396970705854,0.5745819565815431,0.061023381550654704,10.170563591775785,32.0,1.6775110437407565,33.67751104374076,41.67751104374076,97.0,,,False,NORMAL,False
DIA TIPICO (curva_carga),12,0.9,3.0,0.9048658371365286,1.02,56.967881065616865,0.5474363957567334,0.05958409686303719,9.930682810506198,32.8,1.6146557131613084,34.4146557131613,41.614655713161305,97.8,,,False,NORMAL,False
DIA TIPICO (curva_carga),13,0.88,3.1,0.9078399228887133,1.02,55.59809703629415,0.5211592959257025,0.0581514063230713,9.691901053845218,33.2,1.5529866105648311,34.75298661056483,41.55298661056483,98.2,,,False,AMBIENTE,False
DIA TIPICO (curva_carga),14,0.9,3.0,0.9048658371365286,1.02,56.967881065616865,0.5474363957567334,0.05958409686303719,9.930682810506198,33.0,1.6146557131613084,34.614655713161305,41.614655713161305,98.0,,,False,AMBIENTE,False
DIA TIPICO (curva_carga),15,0.92,2.8,0.9018680631777029,1.02,58.34396970705854,0.5745819565815431,0.061023381550654704,10.170563591775785,32.5,1.6775110437407565,34.17751104374076,41.67751104374076,97.5,,,False,NORMAL,False
DIA TIPICO (curva_carga),16,0.94,2.5,0.8988460610525432,1.02,59.726501202927004,0.6026152779131282,0.062469404976927614,10.411567496154603,31.5,1.7415628295009777,33.24156282950098,41.74156282950098,96.5,,,False,NORMAL,False
DIA TIPICO (curva_carga),17,0.97,2.2,0.8942663965991241,1.02,61.81269424768705,0.6463739088064333,0.06465140518702646,10.775234197837744,30.0,1.8399079919534749,31.839907991953474,41.839907991953474,95.0,,,False,NORMAL,False
DIA TIPICO (curva_carga),18,1.0,1.9,0.8896289619505267,1.02,63.914216079347916,0.6922464554087524,0.06684943814937616,11.141573024896028,28.5,1.9410100069456575,30.441010006945657,41.94101000694566,93.5,,,False,NORMAL,False
DIA TIPICO (curva_carga),19,1.0,1.6,0.8896289619505267,1.02,63.914216079347916,0.6922464554087524,0.06684943814937616,11.141573024896028,27.5,1.9410100069456575,29.441010006945657,41.94101000694566,92.5,,,False,NORMAL,False
DIA TIPICO (curva_carga),20,0.98,1.5,0.8927271056276932,1.02,62.511472375407365,0.6614262417336034,0.06538227428148752,10.897045713581253,26.8,1.873300258712414,28.673300258712416,41.87330025871241,91.8,,,False,NORMAL,False
DIA TIPICO (curva_carga),21,0.9,1.4,0.9048658371365286,1.02,56.967881065616865,0.5474363957567334,0.05958409686303719,9.930682810506198,26.0,1.6146557131613084,27.61465571316131,41.614655713161305,91.0,,,False,NORMAL,False
DIA TIPICO (curva_carga),22,0.78,1.3,0.9223725922899388,1.02,48.83924101331005,0.4021735590210236,0.05108215414911278,8.513692358185464,25.4,1.2621241631516666,26.662124163151667,41.26212416315167,90.4,,,False,NORMAL,False
DIA TIPICO (curva_carga),23,0.68,1.2,0.9363836159753002,1.02,42.21987050753978,0.3023788583555449,0.04415879283144904,7.359798805241506,24.9,0.9997671532241619,25.89976715322416,40.99976715322416,89.9,,,False,NORMAL,False
CALOR EXTREMO (+8 C),0,0.62,1.2,0.94456064084892,1.02,38.30983252249801,0.2509720312848014,0.0400691886536599,6.678198108943318,32.5,0.8557920226970824,33.35579202269708,40.85579202269708,97.5,,,False,NORMAL,False
CALOR EXTREMO (+8 C),1,0.58,1.1,0.9499222068987586,1.02,35.727277612880975,0.2200204192166635,0.037368031443326094,6.228005240554349,32.2,0.7653704798417033,32.96537047984171,40.76537047984171,97.2,,,False,NORMAL,False
CALOR EXTREMO (+8 C),2,0.55,1.0,0.9538980750619993,1.02,33.80255783627174,0.19848430513176796,0.03535492005793431,5.8924866763223855,32.0,0.7004725668844803,32.70047256688448,40.70047256688448,97.0,,,False,NORMAL,False
CALOR EXTREMO (+8 C),3,0.54,1.0,0.9552149379128886,1.02,33.163254795419064,0.19161790469571827,0.0346862574064468,5.781042901074467,31.8,0.6793964359873617,32.47939643598736,40.679396435987364,96.8,,,False,NORMAL,False
CALOR EXTREMO (+8 C),4,0.55,1.1,0.9538980750619993,1.02,33.80255783627174,0.19848430513176796,0.03535492005793431,5.8924866763223855,31.7,0.7004725668844803,32.40047256688448,40.70047256688448,96.7,,,False,NORMAL,False
CALOR EXTREMO (+8 C),5,0.6,1.2,0.9472501836059087,1.02,37.01619814206082,0.23517205519185325,0.038716144881508194,6.4526908135847,31.9,0.8100255659239041,32.7100255659239,40.8100255659239,96.9,,,False,NORMAL,False
CALOR EXTREMO (+8 C),6,0.68,1.4,0.9363836159753002,1.02,42.21987050753978,0.3023788583555449,0.04415879283144904,7.359798805241506,32.5,0.9997671532241619,33.49976715322416,40.99976715322416,97.5,,,False,NORMAL,False
CALOR EXTREMO (+8 C),7,0.78,1.7,0.9223725922899388,1.02,48.83924101331005,0.4021735590210236,0.05108215414911278,8.513692358185464,33.8,1.2621241631516666,35.062124163151665,41.26212416315167,98.8,,,False,AMBIENTE,False
CALOR EXTREMO (+8 C),8,0.85,2.0,0.912257768247714,1.02,53.55495197611933,0.48333155601201216,0.0560144310504533,9.335738508408884,35.5,1.4626864648587166,36.96268646485872,41.46268646485872,100.5,,,False,AMBIENTE,False
CALOR EXTREMO (+8 C),9,0.88,2.3,0.9078399228887133,1.02,55.59809703629415,0.5211592959257025,0.0581514063230713,9.691901053845218,37.2,1.5529866105648311,38.75298661056483,41.55298661056483,102.2,,,False,AMBIENTE,False
CALOR EXTREMO (+8 C),10,0.9,2.6,0.9048658371365286,1.02,56.967881065616865,0.5474363957567334,0.05958409686303719,9.930682810506198,38.8,1.6146557131613084,40.4146557131613,41.614655713161305,103.8,,,False,AMBIENTE,False
CALOR EXTREMO (+8 C),11,0.92,2.8,0.9018680631777029,1.02,58.34396970705854,0.5745819565815431,0.061023381550654704,10.170563591775785,40.0,1.6775110437407565,41.67751104374076,41.67751104374076,105.0,,,False,AMBIENTE,False
CALOR EXTREMO (+8 C),12,0.9,3.0,0.9048658371365286,1.02,56.967881065616865,0.5474363957567334,0.05958409686303719,9.930682810506198,40.8,1.6146557131613084,42.4146557131613,41.614655713161305,105.8,,,False,AMBIENTE,False
CALOR EXTREMO (+8 C),13,0.88,3.1,0.9078399228887133,1.02,55.59809703629415,0.5211592959257025,0.0581514063230713,9.691901053845218,41.2,1.5529866105648311,42.75298661056483,41.55298661056483,106.2,,,False,AMBIENTE,False
CALOR EXTREMO (+8 C),14,0.9,3.0,0.9048658371365286,1.02,56.967881065616865,0.5474363957567334,0.05958409686303719,9.930682810506198,41.0,1.6146557131613084,42.614655713161305,41.614655713161305,106.0,,,False,AMBIENTE,False
CALOR EXTREMO (+8 C),15,0.92,2.8,0.9018680631777029,1.02,58.34396970705854,0.5745819565815431,0.061023381550654704,10.170563591775785,40.5,1.6775110437407565,42.17751104374076,41.67751104374076,105.5,,,False,AMBIENTE,False
CALOR EXTREMO (+8 C),16,0.94,2.5,0.8988460610525432,1.02,59.726501202927004,0.6026152779131282,0.062469404976927614,10.411567496154603,39.5,1.7415628295009777,41.24156282950098,41.74156282950098,104.5,,,False,AMBIENTE,False
CALOR EXTREMO (+8 C),17,0.97,2.2,0.8942663965991241,1.02,61.81269424768705,0.6463739088064333,0.06465140518702646,10.775234197837744,38.0,1.8399079919534749,39.839907991953474,41.839907991953474,103.0,,,False,AMBIENTE,False
CALOR EXTREMO (+8 C),18,1.0,1.9,0.8896289619505267,1.02,63.914216079347916,0.6922464554087524,0.06684943814937616,11.141573024896028,36.5,1.9410100069456575,38.44101000694566,41.94101000694566,101.5,,,False,AMBIENTE,False
CALOR EXTREMO (+8 C),19,1.0,1.6,0.8896289619505267,1.02,63.914216079347916,0.6922464554087524,0.06684943814937616,11.141573024896028,35.5,1.9410100069456575,37.44101000694566,41.94101000694566,100.5,,,False,AMBIENTE,False
CALOR EXTREMO (+8 C),20,0.98,1.5,0.8927271056276932,1.02,62.511472375407365,0.6614262417336034,0.06538227428148752,10.897045713581253,34.8,1.873300258712414,36.67330025871241,41.87330025871241,99.8,,,False,AMBIENTE,False
CALOR EXTREMO (+8 C),21,0.9,1.4,0.9048658371365286,1.02,56.967881065616865,0.5474363957567334,0.05958409686303719,9.930682810506198,34.0,1.6146557131613084,35.614655713161305,41.614655713161305,99.0,,,False,AMBIENTE,False
CALOR EXTREMO (+8 C),22,0.78,1.3,0.9223725922899388,1.02,48.83924101331005,0.4021735590210236,0.05108215414911278,8.513692358185464,33.4,1.2621241631516666,34.66212416315167,41.26212416315167,98.4,,,False,AMBIENTE,False
CALOR EXTREMO (+8 C),23,0.68,1.2,0.9363836159753002,1.02,42.21987050753978,0.3023788583555449,0.04415879283144904,7.359798805241506,32.9,0.9997671532241619,33.89976715322416,40.99976715322416,97.9,,,False,NORMAL,False
SOBRECARGA SEVERA (24H),0,0.62,1.2,0.94456064084892,1.02,38.30983252249801,0.2509720312848014,0.0400691886536599,6.678198108943318,24.5,0.8557920226970824,25.35579202269708,40.85579202269708,89.5,,,False,NORMAL,False
SOBRECARGA SEVERA (24H),1,0.58,1.1,0.9499222068987586,1.02,35.727277612880975,0.2200204192166635,0.037368031443326094,6.228005240554349,24.2,0.7653704798417033,24.965370479841702,40.76537047984171,89.2,,,False,NORMAL,False
SOBRECARGA SEVERA (24H),2,0.55,1.0,0.9538980750619993,1.02,33.80255783627174,0.19848430513176796,0.03535492005793431,5.8924866763223855,24.0,0.7004725668844803,24.700472566884482,40.70047256688448,89.0,,,False,NORMAL,False
SOBRECARGA SEVERA (24H),3,0.54,1.0,0.9552149379128886,1.02,33.163254795419064,0.19161790469571827,0.0346862574064468,5.781042901074467,23.8,0.6793964359873617,24.47939643598736,40.679396435987364,88.8,,,False,NORMAL,False
SOBRECARGA SEVERA (24H),4,0.55,1.1,0.9538980750619993,1.02,33.80255783627174,0.19848430513176796,0.03535492005793431,5.8924866763223855,23.7,0.7004725668844803,24.40047256688448,40.70047256688448,88.7,,,False,NORMAL,False
SOBRECARGA SEVERA (24H),5,0.6,1.2,0.9472501836059087,1.02,37.01619814206082,0.23517205519185325,0.038716144881508194,6.4526908135847,23.9,0.8100255659239041,24.710025565923903,40.8100255659239,88.9,,,False,NORMAL,False
SOBRECARGA SEVERA (24H),6,0.75,1.4,0.9266282701327401,1.02,46.83940288818295,0.3703057224683448,0.04899047457611681,8.165079096019468,24.5,1.1804565070473925,25.680456507047392,41.180456507047396,89.5,,,False,NORMAL,False
SOBRECARGA SEVERA (24H),7,0.9,1.7,0.9048658371365286,1.02,56.967881065616865,0.5474363957567334,0.05958409686303719,9.930682810506198,25.8,1.6146557131613084,27.41465571316131,41.614655713161305,90.8,,,False,NORMAL,False
SOBRECARGA SEVERA (24H),8,1.05,2.0,0.8817657296163856,1.02,67.45229470373694,0.7736056557118065,0.07055000091424095,11.758333485706824,27.5,2.115760934211278,29.615760934211277,42.11576093421128,92.5,,,False,NORMAL,False
SOBRECARGA SEVERA (24H),9,1.12,2.3,0.8704572015440653,1.02,72.48488415638577,0.8984616826701464,0.07581370902150687,12.635618170251146,29.2,2.373929113230326,31.573929113230324,42.373929113230325,94.2,,,False,NORMAL,False
SOBRECARGA SEVERA (24H),10,1.18,2.6,0.8604628232295386,1.02,76.8779312172122,1.016467796681904,0.08040850413588696,13.40141735598116,30.8,2.6082819060439344,33.40828190604393,42.608281906043935,95.8,,,False,NORMAL,False
SOBRECARGA SEVERA (24H),11,1.22,2.8,0.8536328718446109,1.02,79.8505093285007,1.1012204092837852,0.08351759611550871,13.919599352584786,32.0,2.771507976935097,34.7715079769351,42.7715079769351,97.0,,,False,NORMAL,False
SOBRECARGA SEVERA (24H),12,1.25,3.0,0.8484170757657021,1.02,82.10440469047718,1.1681801094251822,0.08587500027126797,14.31250004521133,32.8,2.89773161002493,35.697731610024924,42.89773161002493,97.8,,,False,NORMAL,False
SOBRECARGA SEVERA (24H),13,1.28,3.1,0.8431171766136484,1.02,84.38030195757226,1.238197238263913,0.08825541675647516,14.709236126079194,33.2,3.0273145497345886,36.227314549734594,43.02731454973459,98.2,,,False,AMBIENTE,False
SOBRECARGA SEVERA (24H),14,1.25,3.0,0.8484170757657021,1.02,82.10440469047718,1.1681801094251822,0.08587500027126797,14.31250004521133,33.0,2.89773161002493,35.89773161002493,42.89773161002493,98.0,,,False,AMBIENTE,False
SOBRECARGA SEVERA (24H),15,1.2,2.8,0.8570651917445107,1.02,78.35967026670184,1.0582129357124517,0.08195829116323596,13.65971519387266,32.5,2.68918071192508,35.18918071192508,42.68918071192508,97.5,,,False,NORMAL,False
SOBRECARGA SEVERA (24H),16,1.15,2.5,0.8654963699516836,1.02,74.6718444028246,0.9561402236301353,0.07810110410663515,13.016850684439193,31.5,2.4895613534501706,33.98956135345017,42.48956135345017,96.5,,,False,NORMAL,False
SOBRECARGA SEVERA (24H),17,1.22,2.2,0.8536328718446109,1.02,79.8505093285007,1.1012204092837852,0.08351759611550871,13.919599352584786,30.0,2.771507976935097,32.7715079769351,42.7715079769351,95.0,,,False,NORMAL,False
SOBRECARGA SEVERA (24H),18,1.3,1.9,0.8395352172681247,1.02,85.91028591407763,1.2866445696276525,0.0898556643093249,14.975944051554151,28.5,3.115617186999906,31.615617186999906,43.115617186999906,93.5,,,False,NORMAL,False
SOBRECARGA SEVERA (24H),19,1.25,1.6,0.8484170757657021,1.02,82.10440469047718,1.1681801094251822,0.08587500027126797,14.31250004521133,27.5,2.89773161002493,30.39773161002493,42.89773161002493,92.5,,,False,NORMAL,False
SOBRECARGA SEVERA (24H),20,1.1,1.5,0.8737254745766124,1.02,71.0371694980361,0.8614290715947073,0.07429950893507761,12.383251489179603,26.8,2.2985230615622267,29.098523061562226,42.29852306156223,91.8,,,False,NORMAL,False
SOBRECARGA SEVERA (24H),21,0.95,1.4,0.8973257999436496,1.02,60.42022765557679,0.616971086488534,0.0631949904011705,10.532498400195085,26.0,1.7740407832978269,27.774040783297828,41.77404078329783,91.0,,,False,NORMAL,False
SOBRECARGA SEVERA (24H),22,0.8,1.3,0.9195095179502479,1.02,50.17940840857686,0.4243738630066263,0.05248386799944723,8.747311333241205,25.4,1.3179917484938692,26.71799174849387,41.31799174849387,90.4,,,False,NORMAL,False
SOBRECARGA SEVERA (24H),23,0.7,1.2,0.9336206626126118,1.02,43.5332253313197,0.3208909533762432,0.045532462710751405,7.588743785125235,24.9,1.0499900436851304,25.94999004368513,41.04999004368513,89.9,,,False,NORMAL,False
